{
	"geofences": [
		{
			"id": 0,
			"static_geofence": false,
			"cylinder_shape": true,
			"min_altitude": 0,
			"max_altitude": 200,
			"start_time": 100,
			"end_time": 1000,
			"circle": {
				"x_center": -1816.9692483674621,
				"y_center": -399.49439737329567,
				"radius": 2000.00
			},
			"polygon": {
				"waypoints" : 
				[
					{
						"x" : 76.795481827201243,
						"y" : 36.802199734979581
					},
					{
						"x" : 135.65780903221916,
						"y" : -53.672186223978429
					},
					{
						"x" : 179.82619394312752,
						"y" : -42.406181462879658
					},
					{
						"x" : 163.51409691763925,
						"y" : 61.499578576706369
					}
				]
			}
		}
	]
}
