{
    "operations": [
        {
            "uav_id": 0,
			"icao_address": "3434000",
			"frame": "",
			"autonomy": 10,
			"priority": 0,
			"is_started": false,
			"current_wp": 1,
            "flight_plan" : 
            {
                "waypoints" : 
                [
                    {
                        "mandatory" : 0,
                        "stamp" : 35.0,
                        "x" : 371.91458665459146,
                        "y" : 77.379581002755472,
                        "z" : 69.988701680531747
                    },
                    {
                        "mandatory" : 0,
                        "stamp" : 400.27522419141263,
                        "x" : 28.507690699381946,
                        "y" : -44.14466615521232,
                        "z" : 69.999783241408835
                    }
                ]
            },
            "dT": 20.0,
			"time_tracked": 10,
			"track": {
				"waypoints": [
				]
			},
			"time_horizon": 320,
			"estimated_trajectory": {
				"waypoints": [
				]
			},			
			"landing_spots": {
				"waypoints": [
                    {
                        "mandatory" : 0,
                        "stamp" : 0,
                        "x" : -14.588147089974557,
                        "y" : -22.691585716874354,
                        "z" : 0.999942877249225
                    }
				]
			},
			"flight_geometry": 10.0,
			"operational_volume": 15.0,
			"conop": "Precision Agriculture"
        },
        {
            "uav_id": 1,
			"icao_address": "5525496",
			"frame": "",
			"autonomy": 10,
			"priority": 1,
			"is_started": false,
			"current_wp": 1,
            "flight_plan" : 
            {
                "waypoints" : 
                [
                    {
                        "mandatory" : 0,
                        "stamp" : 0,
                        "x" : 215.69198339955918,
                        "y" : -340.39523851154979,
                        "z" : 399.98725336476855
                    },
                    {
                        "mandatory" : 0,
                        "stamp" : 419.28187657647709,
                        "x" : 51.05787529580914,
                        "y" : 45.211948041115761,
                        "z" : 399.99963531331889
                    }
                ]
            },
            "dT": 20.0,
			"time_tracked": 10,
			"track": {
				"waypoints": [
				]
			},
			"time_horizon": 320,
			"estimated_trajectory": {
				"waypoints": [
				]
			},			
			"landing_spots": {
				"waypoints": [
                    {
                        "mandatory" : 0,
                        "stamp" : 0,
                        "x" : 127.9183398084007,
                        "y" : -41.52745588328446,
                        "z" : 0.99858364132865
                    }
				]
			},
			"flight_geometry": 10.0,
			"operational_volume": 15.0,
			"conop": "Long Forest Surveillance"
        }
    ]
}