{
    "operations": [
        {
            "uav_id": 0,
			"icao_address": "3434000",
			"frame": "",
			"autonomy": 10,
			"priority": 0,
			"is_started": false,
			"current_wp": 1,
            "flight_plan" : 
            {
                "waypoints" : 
                [
                    {
                        "mandatory" : 0,
                        "stamp" : 0.0,
                        "x" : 371.91458665459146,
                        "y" : 77.379581002755472,
                        "z" : 69.988701680531747
                    },
                    {
                        "mandatory" : 0,
                        "stamp" : 365.0,
                        "x" : 28.507690699381946,
                        "y" : -44.14466615521232,
                        "z" : 69.999783241408835
                    }
                ]
            },
            "dT": 20.0,
			"time_tracked": 10,
			"track": {
				"waypoints": [
				]
			},
			"time_horizon": 320,
			"estimated_trajectory": {
				"waypoints": [
				]
			},			
			"landing_spots": {
				"waypoints": [
                    {
                        "mandatory" : 0,
                        "stamp" : 0,
                        "x" : -14.588147089974557,
                        "y" : -22.691585716874354,
                        "z" : 0.999942877249225
                    }
				]
			},
			"flight_geometry": 15.0,
			"operational_volume": 30.0,
			"conop": "Precision Agriculture"
        }
    ]
}