{
	"geofences": [
		{
			"id": 0,
			"static_geofence": false,
			"cylinder_shape": true,
			"min_altitude": 0,
			"max_altitude": 100,
			"start_time": 0,
			"end_time": 200,
			"circle": {
				"x_center": 150.0,
				"y_center": 0.0,
				"radius": 40.0
			},
			"polygon": {
				"waypoints" : 
				[
					{
						"x" : 76.795481827201243,
						"y" : 36.802199734979581
					},
					{
						"x" : 115.65780903221916,
						"y" : -13.672186223978429
					},
					{
						"x" : 179.82619394312752,
						"y" : 12.406181462879658
					},
					{
						"x" : 163.51409691763925,
						"y" : 61.499578576706369
					}
				]
			}
		}
	]
}
