{
    "origin_geo" : [38.009388, -3.371835, 0.0],
    "uav_forest" : {
        "init" : [38.0093875, -3.3809918, 0.0],
        "trajectory" : [
            [38.009388001, -3.371835, 5.0],
            [38.004870798, -3.37522939667, 120.0],
            [38.0138834901, -3.3752752964, 120.0],
            [38.013890739, -3.37299694173, 120.0],
            [38.0048780446, -3.37295132099, 120.0],
            [38.0048852471, -3.37067324441, 120.0],
            [38.0138979438, -3.37071858624, 120.0],
            [38.0139051045, -3.36844022995, 120.0],
            [38.0048924054, -3.36839516693, 120.0],
            [38.0048995197, -3.36611708873, 120.0],
            [38.0139122045, -3.36616187277, 120.0],
            [38.0093588334, -3.38094785752, 7.0]
        ]
    },
    "uav_power_line" {
        "init" : [38.0071327, -3.3804191, 0.0],
        "trajectory" : [
            [38.009388001, -3.371835, 5.0],
            [38.0124670632, -3.3631520034, 80.0],
            [38.0113782468, -3.36749584276, 80.0],
            [38.0102892704, -3.37183955242, 80.0],
            [38.0102747744, -3.3763960386, 80.0],
            [38.0102601019, -3.3809525215, 80.0],
            [38.0112198812, -3.362446227, 7.0],
            [38.011219846, -3.36245761837, 4.0]
        ]
    },
    "uav_crop_field" {
        "init" : [38.0071327, -3.3804191, 0.0],
        "trajectory" : [
            [38.009388001, -3.371835, 5.0],
            [38.006671519, -3.37580807436, 60.0],
            [38.0066967293, -3.36783461114, 60.0],
            [38.0081681882, -3.36456283729, 60.0],
            [38.0083965971, -3.36283220106, 60.0],
            [38.0083965971, -3.36283220106, 60.0],
            [38.0074443766, -3.36161931435, 60.0],
            [38.0058449363, -3.36362507904, 60.0],
            [38.0048927235, -3.36241222376, 60.0],
            [38.0064921433, -3.36040645832, 60.0],
            [38.004359301, -3.35971140281, 60.0],
            [38.0030797722, -3.36131598252, 60.0],
            [38.0026516486, -3.36439733679, 60.0],
            [38.003529746, -3.37180541429, 60.0],
            [38.0035061061, -3.37920902293, 30.0],
            [38.0062062359, -3.38036200645, 10.0]
        ]
    }
}